1.png,young
2.png,young
3.png,young
4.png,young
5.png,young
6.png,young
7.png,old
8.png,old
9.png,young
10.png,young
11.png,young
12.png,young
13.png,old
14.png,young
15.png,young
16.png,young
17.png,young
18.png,young
19.png,old
20.png,young
21.png,young
22.png,young
23.png,young
24.png,young
25.png,young
26.png,young
27.png,young
28.png,young
29.png,young
30.png,old
31.png,young
32.png,young
33.png,young
34.png,young
35.png,young
36.png,old
37.png,young
38.png,young
39.png,young
40.png,young
41.png,young
42.png,old
43.png,young
44.png,young
45.png,young
46.png,young
47.png,young
48.png,young
49.png,young
50.png,young
51.png,young
52.png,young
53.png,young
54.png,young
55.png,young
56.png,young
57.png,young
58.png,young
59.png,young
60.png,young
61.png,young
62.png,young
63.png,young
64.png,young
65.png,young
66.png,young
67.png,young
68.png,young
69.png,young
70.png,old
71.png,young
72.png,young
73.png,young
74.png,young
75.png,young
76.png,young
77.png,old
78.png,young
79.png,young
80.png,young
81.png,young
82.png,young
83.png,young
84.png,young
85.png,young
86.png,young
87.png,young
88.png,young
89.png,young
90.png,old
91.png,young
92.png,young
93.png,young
94.png,young
95.png,young
96.png,young
97.png,young
98.png,young
99.png,young
100.png,young
